{
    "personalTheme": {
        "colorRowEven": {
            "r": 0.760784387588501,
            "g": 0.760784387588501,
            "b": 0.760784387588501,
            "a": 1.0
        },
        "colorRowOdd": {
            "r": 0.7830188870429993,
            "g": 0.7830188870429993,
            "b": 0.7830188870429993,
            "a": 1.0
        },
        "colorGrid": {
            "r": 0.0,
            "g": 0.0,
            "b": 0.0,
            "a": 0.16078431904315949
        },
        "colorTreeView": {
            "r": 0.47843137383461,
            "g": 0.47843137383461,
            "b": 0.47843137383461,
            "a": 1.0
        },
        "colorLockIcon": {
            "r": 0.3176470696926117,
            "g": 0.3176470696926117,
            "b": 0.3176470696926117,
            "a": 1.0
        },
        "tagColor": {
            "r": 0.0,
            "g": 0.0,
            "b": 0.0,
            "a": 1.0
        },
        "layerColor": {
            "r": 0.0,
            "g": 0.0,
            "b": 0.0,
            "a": 1.0
        },
        "comSelBGColor": {
            "r": 0.9198113083839417,
            "g": 0.9645066857337952,
            "b": 1.0,
            "a": 1.0
        },
        "selectionColor": {
            "r": 0.0,
            "g": 0.5490196347236633,
            "b": 1.0,
            "a": 0.501960813999176
        },
        "colorHeaderTitle": {
            "r": 0.0784313753247261,
            "g": 0.0784313753247261,
            "b": 0.0784313753247261,
            "a": 1.0
        },
        "colorHeaderBackground": {
            "r": 0.9098039269447327,
            "g": 0.9098039269447327,
            "b": 0.9098039269447327,
            "a": 1.0
        }
    },
    "professionalTheme": {
        "colorRowEven": {
            "r": 0.21176470816135407,
            "g": 0.21176470816135407,
            "b": 0.21176470816135407,
            "a": 1.0
        },
        "colorRowOdd": {
            "r": 0.21960784494876862,
            "g": 0.21960784494876862,
            "b": 0.21960784494876862,
            "a": 1.0
        },
        "colorGrid": {
            "r": 0.16078431904315949,
            "g": 0.16078431904315949,
            "b": 0.16078431904315949,
            "a": 1.0
        },
        "colorTreeView": {
            "r": 0.41960784792900088,
            "g": 0.41960784792900088,
            "b": 0.41960784792900088,
            "a": 1.0
        },
        "colorLockIcon": {
            "r": 0.6980392336845398,
            "g": 0.6980392336845398,
            "b": 0.6980392336845398,
            "a": 1.0
        },
        "tagColor": {
            "r": 0.7058823704719544,
            "g": 0.7058823704719544,
            "b": 0.7058823704719544,
            "a": 1.0
        },
        "layerColor": {
            "r": 0.7058823704719544,
            "g": 0.7058823704719544,
            "b": 0.7058823704719544,
            "a": 1.0
        },
        "comSelBGColor": {
            "r": 1.0,
            "g": 0.16078431904315949,
            "b": 0.16078431904315949,
            "a": 0.5529412031173706
        },
        "selectionColor": {
            "r": 0.1725490242242813,
            "g": 0.364705890417099,
            "b": 0.529411792755127,
            "a": 1.0
        },
        "colorHeaderTitle": {
            "r": 0.8235294818878174,
            "g": 0.8235294818878174,
            "b": 0.8235294818878174,
            "a": 1.0
        },
        "colorHeaderBackground": {
            "r": 0.10212710499763489,
            "g": 0.4811320900917053,
            "b": 0.45781466364860537,
            "a": 1.0
        }
    },
    "playmodeTheme": {
        "colorRowEven": {
            "r": 0.10388456284999848,
            "g": 0.10388456284999848,
            "b": 0.10388456284999848,
            "a": 1.0
        },
        "colorRowOdd": {
            "r": 0.1077321395277977,
            "g": 0.1077321395277977,
            "b": 0.1077321395277977,
            "a": 1.0
        },
        "colorGrid": {
            "r": 0.07887531816959381,
            "g": 0.07887531816959381,
            "b": 0.07887531816959381,
            "a": 1.0
        },
        "colorTreeView": {
            "r": 0.20584534108638764,
            "g": 0.20584534108638764,
            "b": 0.20584534108638764,
            "a": 1.0
        },
        "colorLockIcon": {
            "r": 0.3424343168735504,
            "g": 0.3424343168735504,
            "b": 0.3424343168735504,
            "a": 1.0
        },
        "tagColor": {
            "r": 0.34628188610076907,
            "g": 0.34628188610076907,
            "b": 0.34628188610076907,
            "a": 1.0
        },
        "layerColor": {
            "r": 0.34628188610076907,
            "g": 0.34628188610076907,
            "b": 0.34628188610076907,
            "a": 1.0
        },
        "comSelBGColor": {
            "r": 0.4905659854412079,
            "g": 0.07887531816959381,
            "b": 0.07887531816959381,
            "a": 0.5529412031173706
        },
        "selectionColor": {
            "r": 0.08464667946100235,
            "g": 0.17891231179237367,
            "b": 0.2597114145755768,
            "a": 1.0
        },
        "colorHeaderTitle": {
            "r": 0.403995543718338,
            "g": 0.403995543718338,
            "b": 0.403995543718338,
            "a": 1.0
        },
        "colorHeaderBackground": {
            "r": 0.2462449073791504,
            "g": 0.2462449073791504,
            "b": 0.2462449073791504,
            "a": 1.0
        }
    },
    "activeHierarchy": true,
    "displayCustomObjectIcon": true,
    "displayTreeView": true,
    "displayRowBackground": true,
    "displayGrid": true,
    "displayStaticButton": true,
    "offSetIconAfterName": 8,
    "displayComponents": true,
    "componentAlignment": 1,
    "componentDisplayMode": 3,
    "components": [
        "Transform",
        "RectTransform"
    ],
    "componentLimited": 0,
    "componentSize": 16,
    "componentSpacing": 2,
    "displayTag": true,
    "tagAlignment": 0,
    "displayLayer": true,
    "layerAlignment": 0,
    "applyStaticTargetAndChild": true,
    "applyTagTargetAndChild": false,
    "applyLayerTargetAndChild": true,
    "separatorStartWith": ">",
    "separatorDefaultTag": "Untagged",
    "useInstantBackground": true,
    "instantBackgroundColors": [],
    "onlyDisplayWhileMouseEnter": false,
    "contentDisplay": 1
}